{
  "scriptFile" : "../az-etl-renewal-1.0-SNAPSHOT.jar",
  "entryPoint" : "com.prosperoware.cam.dms.content.sync.handlers.AzEtlRenewalWorkerHandler.etlRenewalWorkerHandler",
  "bindings" : [ {
    "type" : "serviceBusTrigger",
    "direction" : "in",
    "name" : "etlRenewalWorkerHandler",
    "subscriptionName" : "%etl_renewal_worker_subscription%",
    "topicName" : "%etl_renewal_worker_topic%",
    "connection" : "ServiceBusConnection"
  } ],
  "retry" : {
    "strategy" : "fixedDelay",
    "maxRetryCount" : 3,
    "delayInterval" : "00:00:05"
  }
}